id,name,model_id:id,group_id:id,perm_read,perm_write,perm_create,perm_unlink
access_student_fees_register_admin,student.fees.register,model_student_fees_register,school.group_school_administration,1,1,1,1
access_student_fees_structure_admin,student.fees.structure,model_student_fees_structure,school.group_school_administration,1,1,1,1
access_student_payslip_admin,student.payslip,model_student_payslip,school.group_school_administration,1,1,1,1
access_student_payslip_line_admin,student.payslip.line,model_student_payslip_line,school.group_school_administration,1,1,1,1
access_student_payslip_line_line_admin,student.payslip.line.line,model_student_payslip_line_line,school.group_school_administration,1,1,1,1
access_student_fees_structure_line_admin,student.fees.structure.line,model_student_fees_structure_line,school.group_school_administration,1,1,1,1
access_student_fees_register_parent,student.fees.register,model_student_fees_register,school.group_school_parent,1,0,0,0
access_student_fees_structure_parent,student.fees.structure,model_student_fees_structure,school.group_school_parent,1,0,0,0
access_student_payslip_parent,student.payslip,model_student_payslip,school.group_school_parent,1,0,0,0
access_student_payslip_line_parent,student.payslip.line,model_student_payslip_line,school.group_school_parent,1,0,0,0
access_student_payslip_line_line_parent,student.payslip.line.line,model_student_payslip_line_line,school.group_school_parent,1,0,0,0
access_student_fees_structure_line_parent,student.fees.structure.line,model_student_fees_structure_line,school.group_school_parent,1,0,0,0
access_parents_account_journal_parent,account.journal,account.model_account_journal,school.group_school_parent,1,0,0,0
access_parents_account_invoice_parent,account.invoice,account.model_account_invoice,school.group_school_parent,1,0,0,0
access_student_fees_register_student,student.fees.register,school_fees.model_student_fees_register,school.group_school_student,1,0,0,0
access_student_fees_structure_student,student.fees.structure,model_student_fees_structure,school.group_school_student,1,0,0,0
access_student_payslip_student,student.payslip,school_fees.model_student_payslip,school.group_school_student,1,0,0,0
access_student_payslip_line_student,student.payslip.line,school_fees.model_student_payslip_line,school.group_school_student,1,0,0,0
access_student_payslip_line_line_student,student.payslip.line.line,model_student_payslip_line_line,school.group_school_student,1,0,0,0
access_student_fees_structure_line_student,student.fees.structure.line,model_student_fees_structure_line,school.group_school_student,1,0,0,0
access_student_account_journal_student,account.journal,account.model_account_journal,school.group_school_student,1,0,0,0
access_parents_account_invoice_student,account.invoice,account.model_account_invoice,school.group_school_student,1,0,0,0
access_student_fees_register_teacher,student.fees.register,model_student_fees_register,school.group_school_teacher,1,0,0,0
access_student_fees_structure_teacher,student.fees.structure,model_student_fees_structure,school.group_school_teacher,1,0,0,0
access_student_payslip_teacher,student.payslip,model_student_payslip,school.group_school_teacher,1,0,0,0
access_student_payslip_line_teacher,student.payslip.line,model_student_payslip_line,school.group_school_teacher,1,0,0,0
access_student_payslip_line_line_teacher,student.payslip.line.line,model_student_payslip_line_line,school.group_school_teacher,1,0,0,0
access_student_fees_structure_line_teacher,student.fees.structure.line,model_student_fees_structure_line,school.group_school_teacher,1,0,0,0
access_student_account_journal_teacher_right,account.journal,account.model_account_journal,school.group_school_teacher,1,0,0,0
