<?xml version="1.0" encoding="utf-8"?>
<!DOCTYPE html>

<odoo>
    <data noupdate="1">
        <!--Fees Head Information-->
        <record id="demo_school_fees_1" model="student.payslip.line">
            <field name="name">Educational Fees</field>
            <field name="code">01</field>
            <field name="type">month</field>
            <field name="amount">4000.00</field>
        </record>
        <record id="demo_school_fees_2" model="student.payslip.line">
            <field name="name">Library Fees</field>
            <field name="code">02</field>
            <field name="type">month</field>
            <field name="amount">2000.00</field>
        </record>
        <record id="demo_school_fees_3" model="student.payslip.line">
            <field name="name">Laboratory Fees</field>
            <field name="code">03</field>
            <field name="type">month</field>
            <field name="amount">3000.00</field>
        </record>
        <record id="demo_school_fees_4" model="student.payslip.line">
            <field name="name">Transportation Fees</field>
            <field name="code">04</field>
            <field name="type">month</field>
            <field name="amount">4000.00</field>
        </record>
        <record id="demo_school_fees_5" model="student.payslip.line">
            <field name="name">ICard Fees</field>
            <field name="code">05</field>
            <field name="type">month</field>
            <field name="amount">20.00</field>
        </record>
        <record id="demo_school_fees_6" model="student.payslip.line">
            <field name="name">Sport Fees</field>
            <field name="code">06</field>
            <field name="type">month</field>
            <field name="amount">1000.00</field>
        </record>
        <record id="demo_school_fees_7" model="student.payslip.line">
            <field name="name">Exam Fees</field>
            <field name="code">07</field>
            <field name="type">month</field>
            <field name="amount">1000.00</field>
        </record>
        <record id="demo_school_fees_8" model="student.payslip.line">
            <field name="name">Cultural Fees</field>
            <field name="code">08</field>
            <field name="type">month</field>
            <field name="amount">1000.00</field>
        </record>
        <record id="demo_school_fees_9" model="student.payslip.line">
            <field name="name">Tuition Fees</field>
            <field name="code">09</field>
            <field name="type">month</field>
            <field name="amount">2000.00</field>
        </record>
        <!--Student Fees Structure Line-->
        <record id="demo_student_fees_structure_line_1" model="student.fees.structure.line">
            <field name="name">Educational Fees</field>
            <field name="code">01</field>
            <field name="type">month</field>
            <field name="amount">4000.00</field>
        </record>
        <record id="demo_student_fees_structure_line_2" model="student.fees.structure.line">
            <field name="name">Library Fees</field>
            <field name="code">02</field>
            <field name="type">month</field>
            <field name="amount">2000.00</field>
        </record>
        <record id="demo_student_fees_structure_line_3" model="student.fees.structure.line">
            <field name="name">Laboratory Fees</field>
            <field name="code">03</field>
            <field name="type">month</field>
            <field name="amount">3000.00</field>
        </record>
        <!-- Fees Structure Information -->
        <record id="demo_student_fees_structure_1" model="student.fees.structure">
            <field name="name">Student Fees Structure</field>
            <field name="code">SFS</field>
            <field eval="[(6,0,[ref('demo_student_fees_structure_line_1'), ref('demo_student_fees_structure_line_2'), ref('demo_student_fees_structure_line_3')])]" name="line_ids" />
        </record>
        <record id="demo_student_fees_structure_2" model="student.fees.structure">
            <field name="name">External Student Fees Structure</field>
            <field name="code">ESFS</field>
            <field eval="[(6,0,[ref('demo_student_fees_structure_line_1'), ref('demo_student_fees_structure_line_2')])]" name="line_ids"/>
        </record>
        <!--Student fees Registration -->
        <record id="demo_student_fees_registration_1_1" model="student.fees.register">
            <field name="name" ref= "school.demo_student_student_1"/>
            <field name="date" eval="(DateTime.today())"/>
            <field name="company_id" ref="base.main_company"/>
         </record>
         <record id="demo_student_fees_registration_2" model="student.fees.register">
            <field name="name" ref= "school.demo_student_student_2"/>
            <field name="date" eval="(DateTime.today())"/>
            <field name="company_id" ref="base.main_company"/>
         </record>
         <record id="demo_student_fees_registration_3" model="student.fees.register">
            <field name="name" ref= "school.demo_student_student_3"/>
            <field name="date" eval="(DateTime.today())"/>
            <field name="company_id" ref="base.main_company"/>
         </record>
         <record id="demo_student_fees_registration_4" model="student.fees.register">
            <field name="name" ref= "school.demo_student_student_4"/>
            <field name="date" eval="(DateTime.today())"/>
            <field name="company_id" ref="base.main_company"/>
         </record>
         <record id="demo_student_fees_registration_5" model="student.fees.register">
            <field name="name" ref= "school.demo_student_student_5"/>
            <field name="date" eval="(DateTime.today())"/>
            <field name="company_id" ref="base.main_company"/>
         </record>
    </data>
</odoo>
